Employer, Headquarters Location and State, 2021 CEI, 2020 CEI, Fortune 1000 Ranking
3M Co., St. Paul MN, 100, 100
A|X Armani Exchange, New York MN, 50, 50
ABB Inc., Cary NC, 90
Abbott Laboratories, Abbott Park IL, 95, 90, 103
AbbVie Inc., North Chicago IL, 100, 100, 96
Abercrombie & Fitch Co., New Albany OH, 100, 100, 675
ABM Industries Inc., New York NY, 20, 20, 463
Accenture, New York NY, 100, 100
Activision Blizzard, Santa Monica CA, 100, 100, 405
Adaptive Biotechnologies Corporation, Seattle WA, 75
Adidas North America Inc., Portland OR, 100, 100
Adobe Inc., San Jose CA, 100, 100, 339
ADP, Roseland NJ, 100, 100, 239
Advance Auto Parts (Advance Holding), Raleigh NC, 90, 90, 326
Advanced Micro Devices Inc., Santa Clara CA, 100, 100, 460
AECOM, Los Angeles CA, 100, 100, 157
AES Corp. The, Arlington VA, 85, 85, 296
Aflac Inc., Columbus GA, 85, 70, 143
Agco, Duluth GA, 10, 10, 335
Agilent Technologies Inc., Santa Clara CA, 85, 75, 547
AIG, New York NY, 100, 100, 66
Air Liquide US LLC, Houston TX, 100, 100
Air Products & Chemicals Inc., Allentown PA, 100, 100, 344
Airbnb Inc., San Francisco CA, 100, 100
Airbus Americas Inc., Herndon VA, 100, 100
Airlines Reporting Corporation (ARC), Arlington VA, 100, 85
AK Steel Holding Corp., West Chester OH, 20, 20, 443
Akamai Technologies Inc., Cambridge MA, 100, 100, 815
Akerman LLP, Miami FL, 100, 100
Akin Gump Strauss Hauer & Feld LLP, Washington DC, 100, 100
Alaska Airlines, Seattle WA, 90, 90, 368
Albertsons Companies Inc., Boise ID, 80, 75, 52
Alcoa Corp., Pittsburgh PA, 95, 95, 236
Alcon Inc, Fort Worth TX, 95, 90
Alight Solutions, Lincolnshire IL, 100, 100
AlixPartners LLP, New York NY, 100, 100
Alleghany Corp., New York NY, 0, 20, 437
Alliance Data Systems Corp., Columbus OH, 80, 65, 390
AllianceBernstein LP, Nashvil e TN, 100, 100
Alliant Energy Corp., Madison WI, 100, 100, 680
Allianz Life Insurance Co. of North America, Minneapolis MN, 100, 100
Allstate Insurance Co., Northbrook IL, 95, 95, 82
Ally Financial Inc., Detroit MI, 100, 100, 303
Alston & Bird LLP, Atlanta GA, 100, 100
Altice USA Inc., Long Island City NY, 100, 100, 327
Altria Group Inc., Richmond VA, 100, 100, 162
Amalgamated Bank, New York NY, 100, 80
A-Mark Precious Metals, El Segundo CA, 0, 0, 401
Amazon.com Inc., Seattle WA, 100, 100, 5
AMC Entertainment Inc., Lakewood KS, 100, 100
Ameren Corp., St. Louis MO, 100, 100, 468
American Airlines, Fort Worth TX, 100, 100, 68
American Apparel LLC, Los Angeles CA, 70, 70
American Axle & Manufacturing, Detroit MI, 20, 20, 418
American Eagle Outfitters Inc., Pittsburgh PA, 80, 90, 624
American Electric Power Co. Inc., Columbus OH, 100, 100, 192
American Express Company, New York NY, 100, 100, 72
American Express Global Business Travel, Jersey City NJ, 100, 100
American Family Mutual Insurance Company S.I, Madison WI, 100, 100, 306
American Financial Group, Cincinnati OH, 20, 20, 427
American Greetings Corp., Cleveland OH, 90, 60
American Honda Motor Co., Torrance CA, 85, 85
American Tower Corp., Boston MA, 95, 85, 410
American Water, Camden NJ, 85, 691
Ameriprise Financial Inc., Minneapolis MN, 90, 90, 249
AmerisourceBergen Corp., Chesterbrook PA, 100, 100, 10
Amgen Inc., Thousand Oaks CA, 100, 100, 129
AMN Healthcare Services Inc., San Diego CA, 95, 95, 950
Amphenol Corp., Wallingford CT, 20, 20, 369
Analog Devices Inc., Norwood MA, 20, 472
Andersen Corp., Bayport MN, 85, 60
Andersons Inc. The, Maumee OH, 20, 364
Anheuser-Busch Companies Inc., St. Louis MO, 100, 100
Anschutz Entertainment Group Inc., Los Angeles CA, 100, 100
Anthem Inc., Indianapolis IN, 100, 100, 33
Aon plc, Chicago IL, 100, 100
Apache Corp., Houston TX, 20, 50, 411
Apollo Global Management Inc., New York NY, 100
Appian Corporation, McLean VA, 65
Apple Inc., Cupertino CA, 100, 100, 3
Applied Materials Inc., Santa Clara CA, 100, 100, 182
AQR Capital Management LLC, Greenwich CT, 100, 100
Aramark Corp., Philadelphia PA, 100, 100, 198
Arcadis U.S. Inc., Highlands Ranch CO, 100, 95
Archer Daniels Midland Co., Chicago IL, 90, 70, 49
Arconic, New York NY, 100, 100, 227
Arent Fox LLP, Washington DC, 100, 100
Ares Management LLC, Los Angeles CA, 100
Armstrong Teasdale LLP, St. Louis MO, 100, 100
Arnold & Porter Kaye Scholer LLP, Washington DC, 100, 100
Arrow Electronics, Centennial CO, 100, 100, 109
Arthur J. Gallagher & Co., Rolling Meadows IL, 100, 100, 435
Arup USA Inc, New York NY, 100, 90
Asbury Automotive Group, Duluth GA, 20, 20, 439
Ascena Retail Group Inc., Mahwah NJ, 100, 90, 457
Ashland Inc., Covington KY, 40, 40, 658
Assurant, New York NY, 100, 100, 378
Astellas Pharma US Inc., Northbrook IL, 100, 100
AstraZeneca PLC, Wilmington DE, 100, 100
Asurion LLC, Nashville TN, 100, 100
AT&T Inc., Dallas TX, 100, 100, 9
AthenaHealth Inc., Watertown MA, 90, 90
Athene Holding Ltd., West Des Moines IA, 80
Atlassian, San Francisco CA, 100, 100
Auto Club Group The, Dearborn MI, 75, 60
Autodesk Inc., San Rafael CA, 100, 100, 844
Autoliv Inc., Auburn Hills MI, 20, 20, 321
AutoNation Inc., Fort Lauderdale FL, 0, 145
Auto-Owners Insurance Group, Lansing MI, 0, 0, 382
AutoZone Inc., Memphis TN, 60, 40, 281
Avaya Inc., Santa Clara CA, 65, 60, 789
Avery Dennison, Glendale CA, 90, 85, 425
Avient Corporation, Avon Lake OH, 100, 100, 681
Avis Budget Group Inc., Parsippany NJ, 95, 95, 338
Avita Pharmacy, Plano TX, 100
Avnet Inc., Phoenix AZ, 90, 80, 165
Avon Products Inc., Rye NY, 80, 80
AXA Equitable Life, New York NY, 100, 100
Axiom Global Inc., New York NY, 100, 100
BAE Systems Inc., Falls Church VA, 100, 100
Bain & Co. Inc./ Bridgespan Group, Boston MA, 100, 100
Baker & Hostetler LLP, Cleveland OH, 100, 100
Baker & McKenzie LLP, Chicago IL, 100, 100
Baker Botts LLP, Houston TX, 100, 90
Baker Donelson Bearman Caldwell & Berkowitz PC, Memphis TN, 90, 90
Ball Corp., Westminster CO, 100, 95, 271
Ballard Spahr LLP, Philadelphia PA, 100, 100
Bama Companies Inc. The, Tulsa OK, 80, 80
Bank of America Corp., Charlotte NC, 75, 75, 25
Bank of New York Mellon Corp. The, New York NY, 100, 100, 163
Bank of the West, San Francisco CA, 100, 100
Barclays, New York NY, 100, 100
Barilla America Inc., Northbrook IL, 100, 100
Barnes & Noble Inc., New York NY, 100, 100, 667
Barnes & Thornburg LLP, Indianapolis IN, 90, 80
BASF Corp., Florham Park NJ, 100, 100
Bass Berry & Sims PLC, Nashville TN, 100, 100
Battelle Energy Alliance (Idaho National Laboratory), Idaho Falls ID, 95, 95
Battelle Memorial Institute, Columbus OH, 95, 75
Baxter International Inc., Deerfield IL, 100, 100, 286
Bayer U.S. LLC, Whippany NJ, 100, 100
BBVA USA, Birmingham AL, 100, 100
Beacon Roofing Supply Inc., Herndon VA, 20, 464
Beam Suntory, Chicago IL, 100
Becton Dickinson and Co., Franklin Lakes NJ, 100, 100, 195
Bed Bath & Beyond Inc., Union NJ, 20, 20, 258
Ben & Jerry’s Homemade Inc., South Burlington VT, 100, 100
Berkeley Research Group LLC, Emeryville CA, 85
Berkshire Bank, Boston MA, 100
Berkshire Hathaway, Omaha NE, 20, 0, 4
Berry Global Inc., Evansville IN, 20, 20, 389
Best Buy Co. Inc., Richfield MN, 100, 100, 74
Big Lots, Columbus OH, 90, 90, 525
Biogen, Cambridge MA, 100, 100, 235
BioMarin Pharmaceutical Inc., San Rafael CA, 100
BJ’s Wholesale Club, Westborough MA, 90, 90, 245
Black & Veatch Holding Inc., Overland Park KS, 100, 100
Black Knight Inc., Jacksonville FL, 100, 100
BlackRock, New York NY, 100, 100, 221
Blackstone Group LP The, New York NY, 100, 100, 442
Blank Rome LLP, Philadelphia PA, 100, 100
Blend, San Francisco CA, 95
Bloomberg LP, New York NY, 100, 100
Bloomin’ Brands Inc., Tampa FL, 50, 50, 615
Blue Cross & Blue Shield of Rhode Island, Providence RI, 100, 100
Blue Cross and Blue Shield of Louisiana, Baton Rouge LA, 70, 70
Blue Cross Blue Shield of Florida Inc., Jacksonville FL, 100, 100
Blue Cross Blue Shield of Massachusetts, Boston MA, 100, 100
Blue Cross Blue Shield of Michigan, Detroit MI, 85, 85
Blue Cross Blue Shield of Minnesota, Eagan MN, 100, 100
Blue Cross Blue Shield of North Carolina, Durham NC, 75, 45
Blue Shield of California, San Francisco CA, 100, 100
BlueCross BlueShield of Tennessee, Chattanooga TN, 100, 100
BMC Software Inc., Houston TX, 45, 45
BMO Financial Corp., Chicago IL, 100, 100
BNP Paribas, New York NY, 100, 100
Bob Evans Farms Inc., New Albany OH, 60, 60
Boehringer Ingelheim USA Corp., Ridgefield CT, 100, 100
Boeing Co., Chicago IL, 90, 90, 28
Boies Schiller Flexner LLP, New York NY, 100, 100
Booking Holdings Inc., Norwalk CT, 20, 216
Books-A-Million Inc., Birmingham AL, 80, 80
Booz Allen Hamilton Inc., McLean VA, 100, 100, 475
BorgWarner Inc., Auburn Hills MI, 75, 65, 301
Boston Consulting Group, Boston MA, 100, 100
Boston Scientific Corp., Marlborough MA, 100, 100, 319
BounceX, New York NY, 100
Box Inc., Redwood City CA, 100, 100
BP America Inc., Houston TX, 100, 100
Bracewell LLP, Houston TX, 95, 95
Bradley Arant Boult Cummings LLP, Birmingham AL, 90
Bridgestone Americas Holding Inc., Nashville TN, 90, 90
Bridgewater Associates LP, Westport CT, 100, 100
Bright Horizons, Watertown MA, 90, 90
Brighthouse Financial Inc., Charlotte NC, 20, 342
Brinker International Inc., Dallas TX, 85, 65, 737
Bristol Myers Squibb, New York NY, 100, 100, 138
Broadcom Inc., Irvine CA, 20, 150
Broadridge Financial Solutions Inc., Lake Success NY, 100, 100, 591
Brooks Brothers Group Inc., New York NY, 90, 90
Brooks Sports Inc., Seattle WA, 100, 100
Brown Advisory, Baltimore MD, 100, 100
Brown Brothers Harriman & Co., New York NY, 100, 100
Brown Rudnick LLP, Boston MA, 100, 100
Brown-Forman Corp., Louisville KY, 100, 100, 719
Brownstein Hyatt Farber Schreck LLP, Denver CO, 100, 95
Bryan Cave Leighton Paisner LLP, St. Louis MO, 100, 100
Buchaltera Professional Corporation, Los Angeles CA, 95
Buchanan Ingersoll & Rooney PC, Pittsburgh PA, 100, 100
Buckley LLP, Washington DC, 100, 100
Builders FirstSource Inc., Dallas TX, 20, 20, 394
Burlington Stores Inc., Burlington NJ, 90, 80, 451
Burr & Forman LLP, Birmingham AL, 90, 90
Buzzfeed, New York NY, 100, 100
C&S Wholesale Grocers Inc., Keene NH, 100, 90
Cadence Design Systems, San Jose CA, 100, 948
Cadwalader Wickersham & Taft LLP, New York NY, 100, 100
Caesars Entertainment Corp., Las Vegas NV, 100, 100, 365
Cahill Gordon & Reindel, New York NY, 95, 95
Caleres, St. Louis MO, 95, 95, 793
Calpine Corp., Houston TX, 20, 20, 330
Cambia Health Solutions Inc., Portland OR, 100, 100
Cambridge Associates LLC, Boston MA, 100
Campbell Soup Company, Camden NJ, 85, 85, 349
CannonDesign, New York NY, 80
Capgemini America INC, Chicago IL, 100, 100
Capital Area Services Company LLC (CASCI), Charleston WV, 100, 100
Capital Group Companies Inc. The, Los Angeles CA, 100, 100
Capital Markets Company NV The, New York NY, 100, 100
Capital One Financial Corp., McLean VA, 100, 100, 98
Capri Holdings Limited, New York NY, 80
Cardinal Health Inc., Dublin OH, 100, 100, 16
CareFirst Inc., Baltimore MD, 100, 100
CareSource, Dayton OH, 70
Cargill Inc., Wayzata MN, 100, 100
Cargo Transporters Inc., Claremont NC, 100, 100
Caribou Coffee Company Inc., Minneapolis MN, 75, 45
Carlson Inc., Minnetonka MN, 100, 100
Carlton Fields P.A., Tampa FL, 100, 100
Carlyle Group LP The, Washington DC, 100, 100, 874
CarMax Inc., Richmond VA, 100, 100, 174
Carnival Corp., Miami FL, 100, 100
Carrier Global Corporation, Palm Beach Gardens FL, 100
Casey’s General Stores Inc., Ankeny IA, 0, 0, 408
Caterpillar Inc., Deerfield IL, 80, 80, 58
CBRE Inc., Los Angeles CA, 100, 100, 146
CDW Corp., Lincolnshire IL, 100, 100, 191
Celanese Corp., Irving TX, 100, 100, 426
Celgene Corp., Summit NJ, 100, 100, 207
Cengage Learning Inc., Boston MA, 100, 90
Centene Corp., St. Louis MO, 100, 100, 51
CenterPoint Energy Inc., Houston TX, 65, 20, 299
Cerner Corp., North Kansas City MO, 100, 100, 520
CGI, Fairfax VA, 100
Change Healthcare, Nashville TN, 90, 90
Chapman and Cutler LLP, Chicago IL, 100, 100
Charles Schwab & Co. Inc., San Francisco CA, 100, 100, 289
Charter Communications, Stamford CT, 90, 90, 70
Chemonics International Inc, Washington DC, 100, 65
Chemours Company The, Wilmington DE, 80, 80, 454
Chesapeake Energy Corp., Oklahoma City OK, 70, 70, 309
Chevron Corp., San Ramon CA, 100, 100, 11
CHG Healthcare Inc., Midvale UT, 85, 85
Chico’s FAS Inc., Fort Myers FL, 75, 75, 952
Chipotle Mexican Grill Inc., Newport Beach CA, 100, 90, 551
Choate Hall & Stewart LLP, Boston MA, 100, 100
Chobani, Norwich NY, 100, 100
Choice Hotels International Inc., Rockville MD, 100, 100
CHS Inc., Inver Grove Heights MN, 20, 20, 97
Chubb Ltd., Philadelphia PA, 100, 100
CIBC Bank USA, New York NY, 60, 60
CIGNA Corp., Bloomfield CT, 100, 100, 65
Cimpress USA Inc, Waltham MA, 100, 90
Cintas Corp., Cincinnati OH, 20, 20, 459
Cisco Systems Inc., San Jose CA, 100, 100, 64
CIT Group Inc., New York NY, 100, 100, 713
Citigroup Inc., New York NY, 100, 100, 30
Citizens Financial Group, Providence RI, 100, 100, 415
Citrix Systems Inc., Fort Lauderdale FL, 100, 100, 767
Cleary Gottlieb Steen & Hamilton LLP, New York NY, 100, 100
Clifford Chance US LLP, New York NY, 90, 90
Clorox Co. The, Oakland CA, 100, 100, 477
Cloudera Inc., Palo Alto CA, 70, 70
Cloudflare Inc, San Francisco CA, 100
CME Group Inc., Chicago IL, 100, 100, 594
CNA Financial Corporation, Chicago IL, 100, 100
CNO Financial Group Inc., Carmel IN, 95, 85, 593
Coca-Cola Co. The, Atlanta GA, 100, 100, 100
Cognizant Technology Solutions Corp., Teaneck NJ, 70, 70, 193
Coinbase Inc., San Francisco CA, 95
Colgate-Palmolive Co., New York NY, 100, 100, 202
Coloplast US, Minneapolis MN, 70
Comcast NBCUniversal, Philadelphia PA, 100, 100, 32
Comerica Inc., Dallas TX, 100, 100, 674
Commerce Bank, Kansas City MO, 90
Community Care Behavioral Health Organization, Pittsburgh PA, 100, 100
Community Health Systems Inc., Franklin TN, 20, 20, 223
Compass Group USA Inc., Charlotte NC, 80, 80
Conagra Brands Inc., Chicago IL, 100, 100, 386
Conduent Inc., Florham Park NJ, 80, 80, 517
ConocoPhillips, Houston TX, 100, 100, 86
Consolidated Edison Co., New York NY, 65, 65, 259
Constellation Brands Inc., Victor NY, 100, 100, 403
CONSUMER REPORTS INC., Yonkers NY, 75, 75
Consumers Energy, Jackson MI, 90, 75, 440
Convergys Corp., Cincinnati OH, 90, 90
Cooley LLP, Palo Alto CA, 100, 100
Cooper Tire & Rubber Co., Findlay OH, 100, 100, 798
CooperCompanies, San Ramon CA, 85
CoreLogic, Irvine CA, 50, 50
Core-Mark Holding Company Inc., Westlake TX, 70, 45, 250
Cornerstone OnDemand Inc., Santa Monica CA, 85
Corning, Corning NY, 90, 90, 279
Corteva Agriscience, Wilmington DE, 100, 100
Cosmopolitan of Las Vegas The, Las Vegas NV, 100, 100
Costco Wholesale Corp., Issaquah WA, 60, 60, 14
Coty Inc., New York NY, 85, 20, 334
Covington & Burling LLP, Washington DC, 100, 100
Cox Enterprises Inc., Atlanta GA, 100, 100
Cozen O’Connor, Philadelphia PA, 100, 100
Cracker Barrel Old Country Store Inc., Lebanon TN, 80, 80, 761
Crate and Barrel / CB2, Northbrook IL, 75, 80
Cravath Swaine & Moore LLP, New York NY, 90, 90
Credit Suisse USA Inc., New York NY, 100, 100
CrowdStrike Inc., Sunnyvale CA, 100
Crowell & Moring LLP, Washington DC, 100, 100
Crown Holdings, Philadelphia PA, 20, 20, 284
CSAA Insurance Group, Walnut Creek CA, 100, 100
CSX Corp., Jacksonville FL, 80, 80, 260
Cubic Corporation, San Diego CA, 100
Cummins Inc., Columbus IN, 100, 100, 128
CUNA Mutual Group, Madison WI, 100, 100, 662
Cushman & Wakefield, Chicago IL, 100, 100
CVS Health Corp., Woonsocket RI, 90, 90, 8
Daimler Trucks North America LLC, Portland OR, 80, 90
Dana Inc., Maumee OH, 90, 90, 373
Danaher Corp., Washington DC, 100, 100, 160
Daniel J. Edelman Inc., New York NY, 90, 90
Danone North America, White Plains NY, 100, 100
Darden Restaurants Inc., Orlando FL, 90, 90, 376
Davis Polk & Wardwell LLP, New York NY, 100, 95
Davis Wright Tremaine LLP, Seattle WA, 100, 100
Day & Zimmermann LLC, Philadelphia PA, 95, 95
Day Pitney LLP, Parsippany NJ, 100, 100
DCP Midstream Partners, Denver CO, 20, 20, 320
Dean Foods Co., Dallas TX, 0, 20, 393
Debevoise & Plimpton LLP, New York NY, 100, 85
Dechert LLP, Philadelphia PA, 100, 100
Deere & Co., Moline IL, 90, 90, 87
Delek US Holdings, Brentwood TN, 60, 20, 307
Dell Technologies Inc., Round Rock TX, 100, 100, 34
Deloitte LLP, New York NY, 100, 100
Delta Air Lines Inc., Atlanta GA, 85, 85, 69
Deluxe Corp., Shoreview MN, 85, 45, 989
Denny’s Corp., Spartanburg SC, 90, 75
Dentons US LLP, Washington DC, 100, 100
Depository Trust & Clearing Corp. The, New York NY, 100, 100
Designer Brands, Columbus OH, 100, 100, 732
Deutsche Bank, New York NY, 100, 100
Devon Energy Corp., Oklahoma City OK, 65, 65, 297
Diageo North America, Norwalk CT, 100, 100
Dickinson Wright PLLC, Detroit MI, 100, 100
Dick’s Sporting Goods Inc., Coraopolis PA, 90, 80, 359
Digitas, Boston MA, 100, 100
Dillard’s Inc., Little Rock AR, 20, 20, 458
Dinsmore & Shohl LLP, Cincinnati OH, 90, 90
Direct Energy, Houston TX, 90, 90
Discover Financial Services, Riverwoods IL, 100, 100, 253
Discovery Communications Inc., Silver Spring MD, 20, 20, 300
DISH Network Corp., Englewood CO, 10, 20, 232
DLA Piper, Baltimore MD, 100, 100
Dole Food Co. Inc., Westlake Village CA, 30, 30
Dollar General Corp., Goodlettsville TN, 90, 90, 119
Dominion Energy, Richmond VA, 100, 100, 238
Domino’s Pizza Inc., Ann Arbor MI, 75, 65, 692
Dorsey & Whitney LLP, Minneapolis MN, 100, 100
Dover Corp., Downers Grove IL, 20, 0, 412
Dow, Midland MI, 100, 100
DR Horton Inc., Arlington TX, 20, 20, 194
Dropbox Inc., San Francisco CA, 100, 100
DTE Energy Co., Detroit MI, 75, 75, 220
Duane Morris LLP, Philadelphia PA, 100, 100
Duff & Phelps, New York NY, 85
Duke Energy Corp., Charlotte NC, 100, 100, 126
Dun & Bradstreet Corp. The, Short Hills NJ, 100, 100
Dunkin’ Brands Group Inc., Canton MA, 100, 100
DXC Technology, Tysons VA, 60, 60, 122
Dykema Gossett PLLC, Detroit MI, 100, 100
E&J Gallo Winery, Modesto CA, 100, 100
E. I. du Pont de Nemours and Co. (DuPont), Wilmington DE, 100, 100, 35
EAB, Washington DC, 100, 100
Eastern Bank Corporation/Eastern Bankshares Inc., Boston MA, 100, 100
Eastman Chemical Co., Kingsport TN, 100, 90, 313
Eastman Kodak Co., Rochester NY, 100, 100
Eaton Corp., Cleveland OH, 100, 100
Eaton Vance, Boston MA, 100, 100
eBay Inc., San Jose CA, 100, 100, 295
Ecolab Inc., St. Paul MN, 100, 100, 215
Edison International, Rosemead CA, 100, 100, 255
Edward Jones, Des Peres MO, 100, 100, 356
Egon Zehnder International Inc., New York NY, 100
Electronic Arts Inc., Redwood City CA, 100, 100, 533
Eli Lilly & Co., Indianapolis IN, 100, 100, 123
EMCOR Group Inc., Norwalk CT, 20, 20, 375
EMD Serono MilliporeSigma and EMD Performance Materials, Burlington MA, 100, 90
Emerson Electric Co., St. Louis MO, 100, 95, 178
Emmis Communications Corporation, Indianapolis IN, 50, 50
Empower Retirement, Greenwood Village CO, 85, 85
Enbridge, Houston TX, 100, 100
Encova Insurance, Columbus OH, 80, 80
Energy Transfer Equity L.P., Dallas TX, 20, 20, 59
ENGIE North America, Houston TX, 90
EnLink Midstream, Dallas TX, 0, 0, 396
Entergy Corp., New Orleans LA, 90, 85, 288
Enterprise Community Partners, Columbia MD, 85
Enterprise Holdings Inc., St. Louis MO, 95, 95
Enterprise Products Partners LP, Houston TX, 10, 0, 89
EOG Resources, Houston TX, 20, 20, 181
Epsilon Data Management LLC, Irving TX, 100, 100
Epstein Becker & Green PC, New York NY, 90, 80
EQT Corporation, Pittsburgh PA, 95, 95, 546
Equinix, Redwood City CA, 90, 539
Ericsson Inc, Plano TX, 100, 100
Erie Insurance Group, Erie PA, 90, 90, 381
Ernst & Young LLP, New York NY, 100, 100
Essendant, Deerfield IL, 70, 10
Estée Lauder Companies Inc. The, New York NY, 100, 100, 231
Esurance Inc., San Francisco CA, 75, 75
Ethan Allen Interiors Inc., Danbury CT, 75, 75
Etsy Inc., Brooklyn NY, 100, 100
Eurofins Scientific, Lancaster PA, 60
Eversheds Sutherland (US) LLP, Atlanta GA, 100, 100
Eversource Energy, Springfield MA, 85, 85, 358
Evolent Health Inc., Arlington VA, 100, 95
Excellus Health Plan Inc., Rochester NY, 90, 90
Exelon Corp., Chicago IL, 100, 100, 93
Expedia Group, Bellevue WA, 100, 100, 280
Expeditors International of Washington Inc., Seattle WA, 20, 20, 374
Experian North America, Costa Mesa CA, 100, 100
ExxonMobil Corp., Irving TX, 85, 85, 2
Facebook Inc., Menlo Park CA, 100, 100, 57
FactSet Research Systems Inc., Norwalk CT, 100, 100
Faegre Drinker Biddle & Reath LLP, Chicago IL, 100, 100
Farmers Insurance Group, Woodland Hills CA, 100, 100, 270
FCA US LLC, Auburn Hills MI, 90, 90
Federal Home Loan Mortgage Corp. (Freddie Mac), McLean VA, 100, 100, 40
Federal National Mortgage Association (Fannie Mae), Washington DC, 100, 100, 22
Federal Reserve Bank of Atlanta, Atlanta GA, 100, 100
Federal Reserve Bank of Boston, Boston MA, 100, 100
Federal Reserve Bank of Chicago, Chicago IL, 100, 100
Federal Reserve Bank of Cleveland, Cleveland OH, 100, 100
Federal Reserve Bank of Dallas, Dallas TX, 85
Federal Reserve Bank of Kansas City, Kansas City MO, 100, 95
Federal Reserve Bank of Minneapolis, Minneapolis MN, 100, 100
Federal Reserve Bank of New York, New York NY, 100, 100
Federal Reserve Bank of Philadelphia, Philadelphia PA, 100, 100
Federal Reserve Bank of Richmond, Richmond VA, 100, 100
Federal Reserve Bank of San Francisco, San Francisco CA, 100, 100
Federal Reserve Bank of St Louis, Saint Louis MO, 100, 100
FedEx Corp., Memphis TN, 85, 85, 47
Fenwick & West LLP, Mountain View CA, 100, 100
Fidelity Investments, Boston MA, 85, 85
Fidelity National Financial Corp., Jacksonville FL, 20, 20, 402
Fidelity National Information Services Inc., Jacksonville FL, 100, 100, 361
Fifth Third Bancorp, Cincinnati OH, 100, 100, 384
Financial Industry Regulatory Authority Inc., Washington DC, 100, 100
Finnegan Henderson Farabow Garrett & Dunner LLP, Washington DC, 100, 100
Firmenich Inc., Plainsboro NJ, 80, 80
First American Financial Corp., Santa Ana CA, 100, 100, 491
First Horizon National Corp., Memphis TN, 75, 75, 914
FirstEnergy Corp., Akron OH, 90, 80, 263
Fiserv Inc., Brookfield WI, 100, 20, 488
Fish & Richardson PC, Boston MA, 100, 100
Fisher & Phillips LLP, Atlanta GA, 100, 70
Fitch Group Inc, New York NY, 100
Flagstar Bancorp Inc., Troy MI, 80
Fleishman-Hillard Inc., St. Louis MO, 100, 100
Fluor Corp., Irving TX, 60, 60, 164
FMC Corp., Philadelphia PA, 100, 100, 556
Foley & Lardner LLP, Milwaukee WI, 100, 100
Foley Hoag LLP, Boston MA, 100, 100
Food Lion LLC, Salisbury NC, 100, 100
Ford Motor Co., Dearborn MI, 80, 90, 12
Fortive Corp., Everett WA, 100, 100, 422
Fossil Group Inc., Richardson TX, 100, 100, 847
Fox Corporation, New York NY, 100, 100
Fox Rothschild LLP, Philadelphia PA, 100, 100
Franklin Templeton Investments, San Mateo CA, 100, 100, 467
Fredrikson & Byron, Minneapolis MN, 100, 100
Freeport-McMoRan Copper & Gold Inc., Phoenix AZ, 20, 20, 170
Fried Frank Harris Shriver & Jacobson LLP, New York NY, 100, 100
Frontier Communications, Norwalk CT, 20, 20, 355
Frost Brown Todd LLC, Cincinnati OH, 100, 100
Fujitsu America Inc., Richardson TX, 100, 100
Galloway Johnson Tompkins Burr & Smith PLC, New Orleans LA, 90, 100
GameStop Corp., Grapevine TX, 100, 100, 346
Gannett Co. Inc., McLean VA, 100, 100
Gap Inc., San Francisco CA, 100, 100, 186
Gartner Inc., Stamford CT, 100, 100, 631
Gastronomy Inc., Salt Lake City UT, 30, 30
GE Appliances, Louisville KY, 100, 100
Genentech Inc., South San Francisco CA, 100, 100
General Dynamics Corp., Falls Church VA, 60, 60, 92
General Electric Co., Boston MA, 90, 90, 21
General Mills Inc., Minneapolis MN, 100, 100, 200
General Motors Co., Detroit MI, 90, 90, 13
Genesco Inc., Nashville TN, 100, 100, 781
Genuine Parts Co., Atlanta GA, 20, 20, 169
Genworth Financial Inc., Richmond VA, 100, 100, 360
Gerson Lehrman Group Inc, New York NY, 100
GIANT Company The, Carlisle PA, 100, 100
Giant Eagle Inc., Pittsburgh PA, 100, 90
Giant of Maryland LLC, Landover MD, 100, 100
Gibson Dunn & Crutcher LLP, Los Angeles CA, 100, 100
Gilead Sciences Inc., Foster City CA, 100, 100, 139
GlassBridge Enterprises Inc., Oakdale MN, 30, 30
GlaxoSmithKline LLC, Research Triangle Park NC, 100, 100
Global Partners, Waltham MA, 20, 20, 254
Global Payments Inc., Atlanta GA, 100, 100, 703
GODADDY Inc., Scottsdale AZ, 100, 100, 831
Goldman Sachs Group Inc. The, New York NY, 100, 100, 62
Goodwin Procter LLP, Boston MA, 100, 100
Goodyear Tire & Rubber Co., Akron OH, 90, 90, 203
Google Inc., Mountain View CA, 100, 100, 15
Gordon Rees Scully Mansukhani LLP, San Francisco CA, 100, 100
Goulston & Storrs, Boston MA, 100, 100
Grant Thornton LLP, Chicago IL, 100, 100
Graphic Packaging Corp., Atlanta GA, 20, 480
Graybar Electric Company Inc., St. Louis MO, 20, 20, 423
Great River Energy, Maple Grove MN, 100, 90
Greenberg Traurig LLP, New York NY, 100, 100
Group 1 Automotive, Houston TX, 10, 20, 272
Groupon Inc., Chicago IL, 100, 100, 833
Guardian Life Insurance Co. of America The, New York NY, 100, 100, 244
Guess? Inc., Los Angeles CA, 90, 90, 836
Guidehouse, Washington DC, 100, 100
H&R Block Inc., Kansas City MO, 100, 100, 735
Hachette Book Group, New York NY, 90, 30
Hain Celestial Group Inc. The, Lake Success NY, 80, 80, 772
Halliburton Co., Houston TX, 20, 20, 127
Hallmark Cards Inc., Kansas City MO, 100, 100
Hanesbrands Inc., Winston-Salem NC, 90, 75, 444
Hannaford Supermarkets, Scarborough ME, 100, 100
Hanover Insurance Group Inc. The, Worcester MA, 100, 100, 516
Harley-Davidson Inc., Milwaukee WI, 90, 90, 492
Hartford Financial Services Group Inc. The, Hartford CT, 100, 100, 161
Harvard Pilgrim Health Care Inc., Wellesley MA, 100, 100
Hasbro Inc., Pawtucket RI, 100, 100, 567
Haven Behavioral Healthcare, Nashville TN, 100, 100
Hawai an Airlines Inc., Honolulu HI, 80, 85, 792
Haynes and Boone LLP, Dallas TX, 100, 100
HCA Healthcare Inc., Nashville TN, 85, 70, 67
HD Supply, Atlanta GA, 20, 20, 479
Health Care Service Corp., Chicago IL, 100, 100
Henry Schein Inc., Melville NY, 100, 100, 242
HERE North America LLC, Chicago IL, 100, 100
Herman Miller Inc., Zeeland MI, 100, 100, 884
Herrick Feinstein LLP, New York NY, 80, 85
Hershey Co. The, Hershey PA, 100, 100, 391
Hertz Global Holdings Inc., Estero FL, 100, 100, 331
Hess Corp., New York NY, 85, 85, 461
Hewlett Packard Enterprise Co., San Jose CA, 100, 100, 102
Highmark Blue Cross Blue Shield Delaware, Wilmington DE, 100, 100
Highmark Inc., Pittsburgh PA, 100, 100
Highmark West Virginia, Parkersburg WV, 100, 100
Hilti Inc., Planto TX, 100, 90
HILTON, McLean VA, 100, 100, 345
Hinshaw & Culbertson LLP, Chicago IL, 100, 100
Hiscox USA, New York NY, 95, 95
Hitachi Vantara, Santa Clara CA, 95, 90
Hogan Lovells US LLP, Washington DC, 100, 100
Holland & Hart LLP, Denver CO, 100, 100
Holland & Knight LLP, Brandon FL, 100, 100
HollyFrontier Corp., Dallas TX, 20, 20, 175
Home Depot Inc. The, Atlanta GA, 90, 90, 27
Honeywell International Inc., Morris Plains NJ, 60, 60, 77
Horizon Blue Cross Blue Shield of New Jersey, Newark NJ, 100, 100
Horizon Media Inc., New York NY, 75
Hormel Foods Corp., Austin MN, 95, 95, 328
Host Hotels & Resorts Inc., Bethesda MD, 80, 80, 502
Houghton Mifflin Harcourt Co., Boston MA, 95, 85
Howard & Howard Attorneys PLLC, Royal Oak MI, 60, 60
HP Inc., Palo Alto CA, 100, 100, 55
HSBC USA, New York NY, 100, 100
Hughes Hubbard & Reed LLP, New York NY, 90, 90
Humana Inc., Louisville KY, 100, 100, 56
Huntington Bancshares Inc., Columbus OH, 100, 100, 524
Huntington Ingalls Industries, Newport News VA, 90, 90, 371
Hunton Andrews Kurth LLP, Washington DC, 100, 95
Huntsman Corp., The Woodlands TX, 40, 40, 276
Huron Consulting Group Inc., Chicago IL, 100, 100
Husch Blackwell LLP, St. Louis MO, 100, 100
Hyatt Hotels Corp., Chicago IL, 100, 100, 580
Hyland Software Inc., Westlake OH, 75
Hyundai Motor America, Fountain Valley CA, 100, 100
IAC/InterActiveCorp., New York NY, 100, 100, 600
IBM Corp., Armonk NY, 100, 100, 38
Icahn Enterprises LP, New York NY, 0, 0, 166
Ice Miller LLP, Indianapolis IN, 100, 100
iHeartMedia Inc., San Antonio TX, 95, 95, 466
IHS Markit Ltd., New York NY, 100, 100
IKEA Holding US Inc., Conshohocken PA, 100, 100
Illinois Tool Works Inc., Glenview IL, 80, 60, 214
Illumina, San Diego CA, 100, 100, 708
Impossible Foods, Redwood City CA, 100
Indeed Inc., Austin TX, 100, 100
Informa PLC, Sarasota US, 90, 90
Information Resources Inc., Chicago IL, 100, 100
Infosys Limited Inc., Richardson TX, 95, 85
Ingersoll-Rand Company, Davidson NC, 90, 90, 822
Ingram Micro, Irvine CA, 100, 100
Ingredion Inc., Westchester IL, 95, 70, 486
Insight Enterprises Inc., Tempe AZ, 95, 70, 430
Instacart, San Francisco CA, 100, 85
Intel Corp., Santa Clara CA, 100, 100, 43
Intercontinental Exchange, Atlanta GA, 20, 20, 469
InterContinental Hotels Group Americas, Atlanta GA, 100, 100
International Flavors & Fragrances, New York NY, 100, 100, 630
International Paper Co., Memphis TN, 30, 30, 133
Interpublic Group of Companies Inc., New York NY, 100, 100, 322
INTL FCStone Inc., New York NY, 20, 20, 112
Intrado, Omaha NE, 100, 85
Intuit Inc., Mountain View CA, 100, 100, 482
Invesco Ltd., Atlanta GA, 100, 85
IQVIA Holdings, Durham NC, 20, 305
Iron Mountain Inc., Boston MA, 100, 100, 605
J. Crew Group LLC, New York NY, 100, 100, 860
J. M. Smucker Co., Orrville OH, 80, 55, 414
J.B. Hunt Transport, Lowel AR, 70, 20, 354
J.C. Penney Co. Inc., Plano TX, 90, 80, 261
Jabil Circuit Inc., St. Petersburg FL, 20, 20, 140
Jackson Lewis PC, New York NY, 100, 95
Jackson Walker LLP, Dallas TX, 75, 75
Jacobs Engineering Group Inc., Dallas TX, 100, 100, 208
Janus Henderson Investors, Denver CO, 100, 100
Jefferies Group, New York NY, 20, 372
Jenner & Block LLP, Chicago IL, 100, 100
JetBlue Airways Corp., Long Island City NY, 90, 90, 399
JLL, Chicago IL, 100, 100, 189
John Hancock Financial Services Inc., Boston MA, 100, 100
John Wiley & Sons Inc., Hoboken NJ, 100, 85
Johnson & Johnson, New Brunswick NJ, 100, 100, 37
Johnson Controls Inc., Milwaukee WI, 90, 90
Johnson Financial Group, Racine WI, 70
JPMorgan Chase & Co., New York NY, 100, 100, 18
JSX, Dallas TX, 100, 100
K&L Gates LLP, Pittsburgh PA, 100, 100
Kaiser Permanente, Oakland CA, 100, 100
Kantar LLC, New York NY, 90
Katten Muchin Rosenman LLP, Chicago IL, 100, 100
KB Home, Los Angeles CA, 30, 30, 571
Kearney, Chicago IL, 100, 100
Kelley Drye & Warren LLP, New York NY, 100, 100
Kellogg Co., Battle Creek MI, 100, 100, 234
Kelly Services Inc., Troy MI, 100, 100, 503
Kenneth Cole Productions Inc., New York NY, 90, 90
Kering Americas Inc., New York NY, 100, 90
Keurig Dr Pepper Inc., Plano TX, 100, 70, 409
KeyCorp, Cleveland OH, 100, 100, 413
Kilpatrick Townsend & Stockton LLP, Atlanta GA, 100, 100
Kimberly-Clark Corp., Irving TX, 90, 90, 171
Kimpton Hotel & Restaurant Group LLC, San Francisco CA, 100, 100
Kinder Morgan Inc., Houston TX, 20, 20, 224
Kindred Healthcare, Louisville KY, 90, 70
King & Spalding LLP, Atlanta GA, 100, 100
Kirkland & Ellis LLP, Chicago IL, 100, 100
KKR & Co. LP, New York NY, 100, 100, 526
KLA Corporation, Milpitas CA, 30, 30, 623
Knot Worldwide The, Chevy Chase MD, 100, 100
Kobre & Kim, New York NY, 100, 100
Kohler Co., Kohler WI, 90, 90
Kohl’s Corp., Menomonee Falls WI, 100, 100, 156
Komatsu Mining Corp., Milwaukee WI, 90, 80
Korn Ferry, Los Angeles CA, 100, 100
KPMG LLP, New York NY, 100, 100
Kraft Heinz Company The, Chicago IL, 100, 100, 115
Kramer Levin Naftalis & Frankel LLP, New York NY, 85, 85
Kroger Co. The, Cincinnati OH, 100, 100, 20
Kutak Rock LLP, Omaha NE, 100, 100
L Brands Inc., Columbus OH, 100, 100, 241
L.L. Bean Inc., Freeport ME, 90, 50
L3 Harris Technologies, Melbourne FL, 100, 100, 474
Laboratory Corporation of America Holdings, Burlington NC, 100, 100, 278
Laclede Group Inc. The, St. Louis MO, 60, 60
Lam Research Corp., Fremont CA, 100, 100, 287
Land O’Lakes Inc., Arden Hills MN, 90, 90, 212
Lane Powell PC, Seattle WA, 100, 100
Las Vegas Sands Corp., Las Vegas NV, 85, 0, 230
Latham & Watkins LLP, New York NY, 100, 100
Lathrop GPM, Kansas City MO, 95, 95
Lear Corp., Southfield MI, 90, 90, 147
LeClairRyan, Richmond VA, 95, 95
Leidos Holdings, Reston VA, 100, 100, 311
LendingClub, San Francisco CA, 85
Lendlease Americas Inc., New York NY, 100, 100
Lennar Corp., Miami FL, 20, 20, 154
LENOVO (UNITED STATES) INC., Morrisville NC, 100, 100
Leo Burnett Company Inc., Chicago IL, 100, 100
Levi Strauss & Co., San Francisco CA, 100, 100, 500
LexisNexis Legal & Professional, New York NY, 100, 95
Lexmark International Inc., Lexington KY, 100, 100
Liberty Media Corp., Englewood CO, 0, 380
Liberty Mutual Group, Boston MA, 100, 100, 75
Lincoln National Corp., Radnor PA, 100, 100, 187
Linde, Danbury CT, 90, 90
LinkedIn, Sunnyvale CA, 100, 100
Lions Gate Entertainment Corp., Santa Monica CA, 100, 100
Lithia Motors Inc., Medford OR, 20, 0, 265
Littler Mendelson PC, San Francisco CA, 100, 100
Live Nation Entertainment Inc., Beverly Hills CA, 100, 100, 292
Livongo, Mountain View CA, 90
LKQ Corp., Chicago IL, 20, 0, 262
Locke Lord LLP, Dallas TX, 100, 100
Lockheed Martin Corp., Bethesda MD, 100, 100, 60
Loeb & Loeb LLP, Los Angeles CA, 100, 100
Loews Corp., New York NY, 55, 55, 226
Lord Abbett & Co. LLC, Jersey City NJ, 100, 80
L’Oreal USA Inc., New York NY, 100, 100
Lowenstein Sandler LLP, New York NY, 100, 100
Lowe’s Companies Inc., Mooresville NC, 100, 100, 42
LPL Financial Holdings Inc., Boston MA, 100, 100, 531
Lubrizol Corp., Wickliffe OH, 90, 90
Lumen Technologies, Monroe LA, 100, 100, 132
Lyft Inc., San Francisco CA, 100, 100, 941
M&T Bank Corp., Buffalo NY, 100, 100, 462
Macmillan Learning, New York NY, 100, 100
Macmillan Publishing Group, New York NY, 100, 100
Macquarie Group Ltd., New York NY, 100, 100
Macy’s Inc., Cincinnati OH, 100, 100, 118
Magellan Health Services Inc., Scottsdale AZ, 20, 0, 417
Mallinckrodt LLC, Hazelwood MO, 100, 100
Manatt Phelps & Phillips LLP, Los Angeles CA, 100, 100
ManpowerGroup, Milwaukee WI, 100, 100, 141
Marathon Oil Corp., Houston TX, 60, 60, 456
Marathon Petroleum Corp., Findlay OH, 100, 100, 31
Markel Corporation, Glen Allen VA, 20, 0, 441
Marriott International Inc., Bethesda MD, 100, 100, 151
Mars Inc., Mt. Olive NJ, 100, 90
Marsh & McLennan Companies Inc., New York NY, 100, 100, 210
Masco Corp., Livonia MI, 80, 80, 366
Massachusetts Mutual Life Insurance Co., Springfield MA, 100, 100, 84
MasTec Inc., Coral Gables FL, 10, 10, 436
Mastercard, Purchase NY, 100, 100, 210
Mathematica Policy Research, Princeton NJ, 100, 100
Mattel Inc., El Segundo CA, 100, 100, 575
Mayer Brown LLP, Chicago IL, 100, 100
McCarter & English LLP, Newark NJ, 85, 80
McCormick & Company Inc., Hunt Valley MD, 90, 90, 514
McDermott Will & Emery LLP, Chicago IL, 100, 100
McDonald’s Corp., Oak Brook IL, 100, 100, 149
McGraw Hill LLC, New York NY, 100, 95
McGuireWoods LLP, Richmond VA, 95, 95
McKesson Corp., San Francisco CA, 100, 100, 7
McKinsey & Co. Inc., New York NY, 100, 100
Medallia Inc., San Francisco CA, 100, 100
Medidata Solutions Inc., New York NY, 100, 100
Medtronic PLC, Minneapolis MN, 100, 100
Meijer Inc., Grand Rapids MI, 100, 100
Mercedes-Benz Financial Services USA LLC (MBFS), Farmington Hills MI, 90, 85
Merck, Kenilworth NJ, 100, 100, 76
Meredith Corp., Des Moines IA, 85, 90, 853
Mesirow Financial Holdings Inc., Chicago IL, 100, 100
MetLife Inc., New York NY, 100, 100, 44
MGM Resorts International, Las Vegas NV, 100, 100, 266
Michael Best & Friedrich LLP, Milwaukee WI, 100, 100
Michael Page International Inc, New York NY, 100, 100
Michaels Companies Inc. The, Irving TX, 55, 55, 523
Micron Technology Inc., Boise ID, 100, 85, 105
Microsoft Corp., Redmond WA, 100, 100, 26
Milbank LLP, New York NY, 90, 90
Mintz Levin Cohn Ferris Glovsky & Popeo PC, Boston MA, 100, 100
Mitchell Gold + Bob Williams, Taylorsville NC, 100, 100
Mohawk Industries Inc., Calhoun GA, 0, 30, 315
Molina Healthcare Inc., Long Beach CA, 40, 40, 168
Molson Coors Brewing, Chicago IL, 100, 100
Mondelez International Inc., Chicago IL, 100, 100, 116
Montgomery McCracken Walker & Rhoads LLP, Philadelphia PA, 100, 100
Moody’s Corp., New York NY, 100, 100, 582
Moore & Van Allen PLLC, Charlotte NC, 100, 100
Morgan Stanley, New York NY, 100, 100, 63
Morgan Lewis & Bockius LLP, Philadelphia PA, 100, 100
Morningstar Inc., Chicago IL, 100, 100
Morris Manning & Martin LLP, Atlanta GA, 100, 100
Morrison & Foerster LLP, San Francisco CA, 100, 100
Mosaic Co., Tampa FL, 50, 60, 325
Motorola Solutions Inc., Chicago IL, 100, 100, 416
Mozilla Corporation, Mountain View CA, 95, 95
MSLGROUP Americas, New York NY, 100, 100
MUFG Union Bank N.A., New York NY, 100, 100
Munger Tolles & Olson LLP, Los Angeles CA, 100, 100
Murphy USA, El Dorado AR, 0, 20, 257
Mutual of Omaha Insurance, Omaha NE, 90, 90, 336
NASDAQ Inc., New York NY, 100, 100, 597
National Cable Communications LLC dba Ampersand, New York NY, 70
National CineMedia Inc., Centennial CO, 100, 100
National Grid USA, Waltham MA, 100, 100
National Oilwell Varco Inc., Houston TX, 10, 10, 357
Nationwide, Columbus OH, 100, 100, 73
Navient, Wilmington DE, 90, 90, 497
NCR Corp., Atlanta GA, 100, 100, 465
Nelson Mullins Riley & Scarborough LLP, Columbia SC, 75, 75
Nestlé Health Science, St. Louis MO, 100, 100
Nestlé Purina PetCare Co., Arlington VA, 100, 100
Nestlé USA Inc., Bridgewater NJ, 100, 100
Nestlé Waters North America Inc., Stamford CT, 100, 100
NetApp Inc., Sunnyvale CA, 90, 90, 483
Netflix Inc., Los Gatos CA, 100, 100, 197
Neuberger Berman Group LLC, New York NY, 100
New Belgium Brewing Company, Fort Collins CO, 100
New Relic Inc., San Francisco CA, 95, 95
New York Life Insurance Company, New York NY, 100, 100, 71
New York Times Co., New York NY, 65, 65
Newell Brands Inc., Atlanta GA, 100, 60, 243
Newmont Corp., Greenwood Village CO, 100, 75, 419
News Corp., New York NY, 10, 20, 341
NextEra Energy Inc., Juno Beach FL, 50, 50, 184
NFP, New York NY, 70, 70
NGL Energy Partners, Tulsa OK, 0, 0, 179
Nielsen, New York City NY, 100, 100
Nike Inc., Beaverton OR, 100, 100, 90
NiSource Inc., Merrillville IN, 90, 90, 535
Nissan North America Inc., Franklin TN, 90, 90
Nixon Peabody LLP, Boston MA, 100, 100
Nokia Inc., Irving TX, 100, 95
Nomura, New York NY, 100, 100
Nordstrom Inc., Seattle WA, 100, 100, 196
Norfolk Southern Corp., Norfolk VA, 75, 75, 277
North Highland, Atlanta GA, 95
North Memorial Health, Robbinsdale MN, 90, 90
Northern Trust Corp., Chicago IL, 100, 100, 453
Northfield Park Associates LLC, Northfield OH, 55, 55
Northrop Grumman Corp., Falls Church VA, 100, 100, 108
Northwestern Mutual Life Insurance, Milwaukee WI, 100, 100, 111
Norton Rose Fulbright, Houston TX, 100, 100
NortonLifeLock, Mountain View CA, 100, 100, 550
Novartis Pharmaceuticals Corp., East Hanover NJ, 100, 100
Novo Nordisk Inc., Plainsboro NJ, 95, 95
NRG Energy Inc., Princeton NJ, 85, 65, 291
Nuance Communications, Burlington MA, 100, 100
Nucor Corp., Charlotte NC, 0, 20, 120
nVent Electric PLC, Minneapolis MN, 75
NVIDIA Corp., Santa Clara CA, 100, 100, 268
NVR Inc., Reston VA, 20, 0, 424
Oaktree Capital Management LP, Los Angeles CA, 70
Occidental Petroleum, Houston TX, 20, 20, 167
Ocean Spray Cranberries Inc., Lakeville-Middleboro MA, 100, 100
Office Depot Inc., Boca Raton FL, 100, 100, 285
Ogilvy Group Inc. The, New York NY, 100, 100
Ogletree Deakins Nash Smoak & Stewart, Greenville SC, 100, 100
O-I Glass, Perrysburg OH, 50, 20, 438
Old National Bank, Evansville IN, 90, 90
Old Republic International, Chicago IL, 20, 20, 481
Olin Corporation, Clayton MO, 20, 20, 434
O’Melveny & Myers LLP, Los Angeles CA, 100, 100
Omnicom Group, New York NY, 100, 100, 206
ON Semiconductor Corp., Phoenix AZ, 65, 20, 485
ONE Gas Inc., Tulsa OK, 40, 40
ONEOK Inc., Tulsa OK, 100, 95, 256
Oracle Corp., Redwood City CA, 100, 100, 81
O’Reilly Automotive Inc., Springfield MO, 0, 20, 329
Orrick Herrington & Sutcliffe LLP, San Francisco CA, 100, 100
Oscar Insurance Corporation, New York NY, 95, 95
Oshkosh Corp., Oshkosh WI, 70, 65, 395
Otis Worldwide Corporation, Farmington CT, 100
Overstock.com Inc., Midvale UT, 80, 80
Owens Corning, Toledo OH, 100, 100, 431
Paccar Inc., Bellevue WA, 20, 20, 130
Pacific Life Insurance Co., Newport Beach CA, 95, 85, 298
Packaging Corporation of America, Lake Forest IL, 20, 20, 432
Palo Alto Networks, Santa Clara CA, 100, 100, 912
Panera Bread Co., St. Louis MO, 85, 90
Papa John’s International Inc., Louisville KY, 100, 90
Parexel International Corp., Billerica MA, 80, 80
Pariveda Solutions Inc., Dallas TX, 95, 95
Parker Hannifin Corp., Cleveland OH, 20, 20, 218
Parsons Corporation, Pasadena CA, 95, 80
Patagonia Inc., Ventura CA, 100, 95
Patterson Belknap Webb & Tyler LLP, New York NY, 100, 100
Patterson Companies (Patterson Dental Supply), St. Paul MN, 40, 40, 510
Paul Hastings LLP, Los Angeles CA, 100, 100
Paul Weiss Rifkind Wharton & Garrison LLP, New York NY, 90, 90
PayPal Holdings Inc., San Jose CA, 100, 100, 204
PBF Energy, Parsippany NJ, 20, 20, 113
Peabody, St. Louis MO, 75, 50, 499
Peapod Digital Labs LLC, Chicago IL, 100, 100
Pearson, Hoboken NJ, 100, 100
Peloton Interactive Inc., New York NY, 100, 100
Penske Automotive Group Inc., Bloomfield Hills MI, 20, 20, 136
PepsiCo Inc., Purchase NY, 100, 100, 48
Performance Food Group Co., Richmond VA, 20, 20, 176
Perkins and Will Inc., Chicago IL, 100, 100
Perkins Coie LLP, Seattle WA, 100, 100
Pernod Ricard USA LLC, New York NY, 100, 100
Peter Kiewit Sons’ Inc., Omaha NE, 20, 10, 340
PetSmart Inc., Phoenix AZ, 90, 90
Pfizer Inc., New York NY, 100, 100, 61
PG&E Corp., San Francisco CA, 100, 100, 183
Philip Morris International Inc., New York NY, 80, 55, 110
Philips, Cambridge MA, 100, 90
Phillips 66, Houston TX, 100, 95, 23
Pillsbury Winthrop Shaw Pittman LLP, New York NY, 100, 100
PIMCO LLC, Newport Beach CA, 100, 100
Pinnacle West Capital, Phoenix AZ, 75, 70, 663
Pinterest Inc., San Francisco CA, 100, 100
Pioneer Natural Resources Company, Irving TX, 20, 0, 333
Pitney Bowes Inc., Stamford CT, 100, 85, 659
Plains GP Holdings, Houston TX, 0, 0, 94
PNC Financial Services Group Inc. The, Pittsburgh PA, 100, 100, 159
PNM Resources Inc., Albuquerque NM, 45, 45
Polaris Industries Inc., Medina MN, 20, 20, 476
Polsinelli, Kansas City MO, 100, 100
Porter Wright Morris & Arthur LLP, Columbus OH, 90, 90
Portland General Electric Co., Portland OR, 100, 100, 992
Post Holdings, St. Louis MO, 20, 471
PPG Industries Inc., Pittsburgh PA, 90, 90, 205
PPL Corp., Allentown PA, 100, 100, 392
PricewaterhouseCoopers LLP, New York NY, 100, 100
Principal Financial Group, Des Moines IA, 100, 100, 219
Procter & Gamble Co., Cincinnati OH, 100, 100, 45
Progressive Corp. The, Mayfield Village OH, 85, 80, 99
PROS, Houston TX, 95, 95
Proskauer Rose LLP, New York NY, 100, 100
Prudential Financial Inc., Newark NJ, 100, 100, 50
PTC Inc, Boston MA, 100, 90
Public Service Enterprise Group, Newark NJ, 90, 85, 323
Publicis Healthcare Communications, New York NY, 100, 100
Publicis Inc., New York NY, 100, 100
Publicis Media, New York NY, 100, 100
Publicis Sapient, Boston MA, 100, 100
Publix Super Markets Inc., Lakeland FL, 0, 0, 91
PulteGroup Inc., Atlanta GA, 85, 20, 312
PVH Corp., New York NY, 100, 100, 324
Pyxus International Inc., Morrisville NC, 30, 30
Quaintance-Weaver Management LLC, Greensboro NC, 100, 100
Qualcomm Inc., San Diego CA, 100, 90, 137
Quanta Services, Houston TX, 20, 20, 283
Quantcast Corp., San Francisco CA, 100, 100
Quarles & Brady LLP, Milwaukee WI, 100, 100
Quest Diagnostics Inc., Secaucus NJ, 100, 100, 404
Quinn Emanuel Urquhart & Sullivan LLP, Los Angeles CA, 100, 100
Qurate Retail Group, West Chester PA, 100, 100, 225
R.R. Donnelley & Sons Co., Chicago IL, 95, 95, 445
Rackspace Technology, San Antonio TX, 100, 100
Radian Group Inc., Philadelphia PA, 60, 30
Ralph Lauren Corp., New York NY, 100, 100, 473
Ramboll US Corporation, Arlington VA, 80
Randstad USA, Atlanta GA, 100, 90
Raymond James Financial Inc., St. Petersburg FL, 100, 100, 407
Raytheon Technologies Corp., Waltham MA, 100
RB, Parsippany NJ, 65, 10
RBC Capital Markets LLC, New York NY, 100, 100
RBC Wealth Management, Minneapolis MN, 100, 100
Re/Max LLC, Denver CO, 55
Re:Sources USA Inc., Long Island City NY, 100, 100
Realogy Holdings Corp., Madison NJ, 90, 90, 478
Recreational Equipment Inc., Kent WA, 95, 90
Red Hat Inc., Raleigh NC, 95, 776
Redfin Corp., Seattle WA, 85, 65
Reed Smith LLP, Pittsburgh PA, 100, 100
Regal Entertainment Group, Knoxville TN, 60, 60
Regeneron Pharmaceuticals, Tarrytown NY, 20, 20, 450
Regions Financial Corp., Birmingham AL, 100, 100, 447
Reinhart Boerner Van Deuren s.c., Milwaukee WI, 95, 95
Reinsurance Group of America Inc., Chesterfield MO, 90, 80, 251
Reliance Steel & Aluminum Co., Los Angeles CA, 20, 0, 275
Relias LLC, Morrisville NC, 100, 80
Replacements Ltd., McLeansville NC, 100, 100
Republic Services Inc., Phoenix AZ, 85, 85, 314
Restaurant Brands International, Miami FL, 100, 100
Retail Business Services, Salisbury NC, 100, 100
Reynolds American Inc., Winston-Salem NC, 100, 100
RingCentral Inc., Belmont CA, 100, 100
Riot Games Inc., Los Angeles CA, 95
Rite Aid Corp., Camp Hill PA, 50, 50, 107
Robert Bosch Corp., Farmington Hills MI, 90, 95
Robert Half, Menlo Park CA, 100, 100, 490
Robert W. Baird & Co. Incorporated, Milwaukee WI, 100, 100
Robins Kaplan LLP, Minneapolis MN, 100, 100
Roche Diagnostics Corp., Indianapolis IN, 100, 100
Rockland Trust Co., Rockland MA, 100, 100
Rockwell Automation Inc., Milwaukee WI, 100, 100, 452
Rolls-Royce North America (USA) Holdings Co., Reston VA, 100, 100
Ropes & Gray LLP, Boston MA, 100, 100
Ross Stores Inc., Dublin CA, 90, 85, 209
Royal Caribbean Cruises Ltd., Miami FL, 100, 100
RSM US LLP, Chicago IL, 100, 100
Ryder System Inc., Miami FL, 80, 80, 363
S&P Global Inc., New York NY, 100, 100, 470
S.C. Johnson & Son Inc., Racine WI, 100, 100
Saatchi & Saatchi North America Inc., New York NY, 100, 100
Sabre Holdings Inc., Southlake TX, 50, 50, 641
Saint-Gobain Corp., Malvern PA, 90, 90
Saks Inc., New York NY, 50, 50
Salesforce, San Francisco CA, 100, 100, 240
Sally Beauty Holdings Inc., Denton TX, 95, 75, 635
Samsung Electronics America Inc., Ridgefield Park NJ, 100, 100
Sanderson Farms Inc., Laurel MS, 50, 40, 722
Sanmina-SCI, San Jose CA, 20, 20, 429
Sanofi, Bridgewater NJ, 100, 100
SAP America Inc., Newtown Square PA, 100, 100
SAS, Cary NC, 90
Saul Ewing Arnstein & Lehr LLP, Philadelphia PA, 100, 100
SBE, Los Angeles CA, 40, 40
Schiff Hardin LLP, Chicago IL, 100, 100
Schneider Electric, Andover MA, 85, 100
Scholastic Corp., New York NY, 65, 65
Schulte Roth & Zabel LLP, New York NY, 100, 100
Science Applications International Corp., Reston VA, 100, 100, 560
Scotts Miracle-Gro Company, Marysville OH, 80, 829
Seaboard Corp., Merriam KS, 0, 0, 455
Seacoast National Bank, Stuart FL, 100, 100
Seagate Technology plc, Cupertino CA, 100, 100
Sealed Air Corp., Charlotte NC, 60, 0, 555
Securian Financial Group Inc., St. Paul MN, 90, 85, 506
Selective Insurance Group, Branchville NJ, 40, 40, 839
Sempra Energy, San Diego CA, 100, 100, 269
Sephora, San Francisco CA, 100, 100
ServiceNow, Santa Clara CA, 100
Seyfarth Shaw LLP, Chicago IL, 100, 100
Shake Shack Inc., New York NY, 100, 100
Shearman & Sterling LLP, New York NY, 100, 100
Shell Oil Co., Houston TX, 100, 100
Sheppard Mullin Richter & Hampton LLP, Los Angeles CA, 100, 100
Sherwin-Williams Co. The, Cleveland OH, 95, 95, 177
SHI International Corp, Somerset NJ, 30, 30
Shook Hardy & Bacon LLP, Kansas City MO, 100, 100
Shutterstock Inc., New York NY, 95
Sidley Austin LLP, Chicago IL, 100, 100
Siemens Corp., Washington DC, 100, 100
Siemens Healthineers USA, Tarrytown NY, 100, 100
Siemens Medical Solutions USA Inc., Malvern PA, 100, 100
Simon Property Group Inc., Indianapolis IN, 20, 20, 496
Simpson Thacher & Bartlett LLP, New York NY, 100, 100
SIRIUS XM + Pandora, New York NY, 100, 100
Skadden Arps Slate Meagher & Flom LLP, New York NY, 100, 100
SkyWest Inc., St. George UT, 70, 70, 725
Slalom, Seattle WA, 100, 100
SLM Corp. (Sallie Mae), Newark DE, 70, 55
Snagajob.com Inc., Glen Allen VA, 95, 95
Snell & Wilmer, Phoenix AZ, 100, 100
Société Générale, New York NY, 100, 100
Sodexo Inc., Gaithersburg MD, 100, 100
Softchoice Corp., Chicago IL, 100, 95
Software AG USA Inc., Reston VA, 45, 40
Sonic Automotive Inc., Charlotte NC, 0, 0, 316
Sonoco Products Company, Hartsville SC, 80, 45, 518
Sony Corporation of America, New York NY, 100, 100
Sony Electronics Inc., San Diego CA, 100, 100
Sony Interactive Entertainment LLC, San Mateo CA, 100, 100
Sony Pictures Entertainment Inc., Culver City CA, 100, 100
Southeastern Grocers Inc., Jacksonville FL, 85
Southern Co., Atlanta GA, 100, 100, 131
Southwest Airlines Co., Dallas TX, 100, 100, 142
SPARC Group LLC, Lyndhurst NJ, 100, 90
SpartanNash, Byron Center MI, 65, 65, 377
Spirit AeroSystems Inc., Wichita KS, 85, 95, 420
Splunk Inc., San Francisco CA, 100
Spotify USA Inc., New York NY, 95, 95
Squarespace, New York NY, 90, 90
Squire Patton Boggs, Cleveland OH, 100, 100
Standard Chartered, New York NY, 100, 100
Standard Insurance Co., Portland OR, 100, 100
Stanley Black & Decker Inc., New Britain CT, 100, 100, 228
Staples Inc., Framingham MA, 100, 100
Starbucks Corp., Seattle WA, 100, 100, 121
State Farm Group, Bloomington IL, 100, 100, 36
State Street Corp., Boston MA, 100, 100, 247
Steel Dynamics Inc., Fort Wayne IN, 55, 55, 264
Steelcase Inc., Grand Rapids MI, 100, 100, 750
Steptoe & Johnson LLP, Washington DC, 100, 100
Stinson LLP, Kansas City MO, 100, 100
Stoel Rives LLP, Portland OR, 100, 100
Stop & Shop Supermarket Company LLC The, Quincy MA, 100, 100
Stryker Corp., Kalamazoo MI, 100, 100, 233
Subaru of America Inc., Cherry Hill NJ, 100, 100
SUEZ Water Technologies and Solutions, Trevose PA, 80
Sullivan & Cromwell LLP, New York NY, 85, 85
Sumitomo Mitsui Banking Corporation, New York NY, 100, 100
Sun Life, Wellesley Hills MA, 100, 100
Sunrun Inc., San Francisco CA, 85, 70, 65
Supervalu Inc., Eden Prairie MN, 40, 40
SurveyMonkey Inc., San Mateo CA, 55
Synchrony, Stamford CT, 100, 100, 173
SYNNEX Corp., Fremont CA, 95, 95, 158
SYSCO Corp., Houston TX, 80, 70, 54
T. Rowe Price Associates Inc., Baltimore MD, 100, 100, 519
Tailored Brands Inc., Houston TX, 95, 95, 721
Takeda Pharmaceuticals USA Inc., Deerfield IL, 100, 100
Tapestry Inc., New York NY, 100, 100, 484
Targa Resources Corp., Houston TX, 0, 0, 302
Target Corp., Minneapolis MN, 100, 100, 39
TD Ameritrade, Omaha NE, 100, 100, 509
TD Bank N.A., Cherry Hill NJ, 100, 100
TD Securities (USA) LLC, New York NY, 100, 100
TDS Telecommunications LLC, Madison WI, 100
TE Connectivity Inc., Berwyn PA, 100, 100
Tech Data Corp., Clearwater FL, 100, 100, 88
TEGNA Inc., McLean VA, 100, 100, 930
TENET Healthcare Corporation, Dallas TX, 80, 80, 172
Tenneco Inc., Lake Forest IL, 20, 10, 267
Teradata Corp., San Diego CA, 90
Tesla Inc., Palo Alto CA, 100, 100, 144
Teva Pharmaceutical USA Inc., Parsippany NJ, 100, 100
Texas Instruments Inc., Dallas TX, 100, 100, 199
Textron Inc., Providence RI, 60, 30, 229
Thermo Fisher Scientific Inc., Waltham MA, 100, 100, 124
Thompson & Knight LLP, Dallas TX, 90, 85
Thompson Coburn LLP, St. Louis MO, 100, 100
Thompson Hine LLP, Cleveland OH, 100, 100
Thomson Reuters, Stamford CT, 100, 100
Thor Industries Inc., Elkhart IN, 20, 0, 367
Thrivent Financial, Minneapolis MN, 85, 80, 351
TIAA, New York NY, 100, 100, 79
Tiffany & Co., New York NY, 100, 100, 583
TJX Companies Inc. The, Framingham MA, 90, 90, 85
T-Mobile USA Inc., Bellevue WA, 100, 100
Toast Inc., Boston MA, 65
Toll Brothers Inc., Fort Washington PA, 75, 60, 428
Toyota Motor North America Inc., Plano TX, 100, 100
TPG Global LLC, Fort Worth TX, 100, 100
Tractor Supply Company, Brentwood TN, 70, 0, 388
Trane Technologies, Davidson NC, 90
Transamerica Corp. The, Cedar Rapids IA, 100, 100
TransUnion, Chicago IL, 100, 100, 901
TravelCenters of America, Westlake OH, 10, 10, 433
Travelers Companies Inc. The, New York NY, 100, 100, 106
Travelport Ltd., Atlanta GA, 75, 50
TreeHouse Foods Inc., Oak Brook IL, 20, 20, 489
TripAdvisor Inc., Needham MA, 100, 100
Troutman Pepper Hamilton Sanders LLP, Atlanta GA, 100, 100
True Value Co. LLC, Chicago IL, 85, 75
Truist Financial, Charlotte NC, 100, 100, 246
Tufts Health Plan, Watertown MA, 100, 100
Turner Construction Co., New York NY, 100, 100
Twitter Inc., San Francisco CA, 100, 100, 756
Tyson Foods Inc., Springdale AR, 90, 85, 80
U.S. Bancorp, Minneapolis MN, 100, 100, 117
U.S. Cellular, Chicago IL, 100, 100
Uber Technologies Inc., San Francisco CA, 100, 100
UBS AG, New York NY, 100, 100
UGI Corp., King of Prussia PA, 10, 20, 400
UKG (Ultimate Kronos Group), Weston FL, 100, 90
Ulta Salon Cosmetics & Fragrance, Bolingbrook IL, 20, 20, 449
Under Armour Inc., Baltimore MD, 100, 100, 529
Unilever, Englewood Cliffs NJ, 100, 100
Union Pacific Corp., Omaha NE, 95, 95, 134
Unisys Corp., Blue Bel PA, 75, 70, 796
United Airlines Holdings Inc., Chicago IL, 100, 100, 78
United Nations Federal Credit Union, Long Island City NY, 80
United Natural Foods Inc., Providence RI, 10, 20, 310
United Parcel Service Inc., Atlanta GA, 100, 100, 41
United Services Automobile Association, San Antonio TX, 100, 100, 101
United States Steel Corp., Pittsburgh PA, 100, 100, 222
UnitedHealth Group Inc., Minnetonka MN, 100, 100, 6
Univar Solutions Inc., Downers Grove IL, 100, 85, 353
Universal Health Services Inc., King of Prussia PA, 20, 20, 293
University of Phoenix, Phoenix AZ, 100, 100
Univision Communications Inc., Miami FL, 100, 100, 801
Unum Group, Chattanooga TN, 100, 100, 273
UPMC Health Plan, Pittsburgh PA, 100, 100
Urban Outfitters Inc., Philadelphia PA, 80, 75, 634
US Foods Inc., Rosemont IL, 75, 30, 125
USG Corp., Chicago IL, 40, 40
UW Credit Union, Madison WI, 95
Valero Energy Corp., San Antonio TX, 60, 20, 24
Vanguard Group Inc., Malvern PA, 100, 100
Veritas Technologies LLC, Mountain View CA, 60, 60
Veritiv, Atlanta GA, 75, 20, 347
Verizon Communications Inc., New York NY, 100, 100, 19
VERMEG SARL, New York NY, 100, 100
Vertex Pharmaceuticals Inc., Boston MA, 100, 100, 752
VF Corp., Greensboro NC, 100, 100, 252
ViacomCBS, New York NY, 100, 100, 217
Vinson & Elkins LLP, Houston TX, 100, 100
Virgin Orbit, Long Beach CA, 100, 95
Visa, San Francisco CA, 100, 100, 153
Vision Service Plan, Rancho Cordova CA, 40, 40
Vistra Energy, Irving TX, 20, 20, 337
Vivint Smart Home Inc., Provo UT, 90, 85
Vizient Inc., Irving TX, 85
VMLY&R, Kansas City MO, 100
VMware Inc., Palo Alto CA, 100, 100
Volkswagen Group of America Inc., Herndon VA, 90, 90
Vorys Sater Seymour and Pease LLP, Columbus OH, 100, 100
Vox Media Inc., Washington DC, 100, 100
Voya Financial, New York NY, 100, 100, 343
W.R. Berkley, Greenwich CT, 0, 20, 397
W.W. Grainger Inc., Lake Forest IL, 100, 100, 282
Wabtec Corporation, Pittsburgh PA, 85, 589
Wachtell Lipton Rosen & Katz, New York NY, 90, 90
Waddell & Reed Financial Inc., Overland Park KS, 100, 95
Walgreen Co., Deerfield IL, 100, 100, 17
Walmart Inc., Bentonville AR, 100, 100, 1
Walt Disney Co. The, Burbank CA, 100, 100, 53
Warby Parker, New York NY, 100, 100
Warner Music Group, New York NY, 100, 100
Washington Permanente Medical Group, Renton WA, 95, 95
Waste Management Inc., Houston TX, 80, 90, 213
Waters Corp., Milford MA, 95, 875
Wawa Inc., Wawa PA, 100, 100
Wayfair, Boston MA, 100, 85, 446
WE Communications, Bellevue WA, 100, 100
Weil Gotshal & Manges LLP, New York NY, 100, 100
WellCare Health Plans Inc., Tampa FL, 100, 100, 155
Wellmark Inc., Des Moines IA, 100, 100
Wells Fargo & Co., San Francisco CA, 100, 100, 29
Wendy’s Co. The, Dublin OH, 100, 100
WESCO International Inc., Pittsburgh PA, 60, 45, 370
West Monroe Partners LLC, Chicago IL, 100, 95
Western & Southern Financial Group, Cincinnati OH, 0, 0, 421
Western Digital Corp., San Jose CA, 100, 100, 152
Western Union Co. The, Denver CO, 85, 80, 498
Westlake Chemical, Houston TX, 20, 20, 352
WestRock, Atlanta GA, 100, 90, 190
Weyerhaeuser Co., Seattle WA, 85, 95, 406
Whirlpool Corp., Benton Harbor MI, 100, 100, 148
White & Case LLP, New York NY, 100, 100
Wiley Rein LLP, Washington DC, 100, 100
William Blair & Company LLC, Chicago IL, 100, 95
Williams & Connolly LLP, Washington DC, 90
Williams Companies Inc., Tulsa OK, 95, 90, 348
Williams Mullen Clark & Dobbins, Richmond VA, 100, 100
Williams-Sonoma Inc., San Francisco CA, 90, 90, 495
Willis Towers Watson, Arlington VA, 100, 100
Willkie Farr & Gallagher LLP, New York NY, 100, 85
Wilmer Cutler Pickering Hale & Dorr LLP, Washington DC, 100, 100
Wilson Sonsini Goodrich & Rosati PC, Palo Alto CA, 100, 100
Windstream Corp., Little Rock AR, 70, 70, 493
Winston & Strawn LLP, Chicago IL, 100, 100
Wipro Ltd., East Brunswick NJ, 95, 90
Womble Bond Dickinson (US) LLP, Winston-Salem NC, 100, 100
Wood, Houston TX, 60
Workday Inc., Pleasanton CA, 100, 100, 797
World Fuel Services, Miami FL, 20, 20, 83
World Wide Technology Inc., St. Louis MO, 75
WPP Group USA, New York NY, 100, 85
Wyndham Destinations, Orlando FL, 100, 100, 561
Wyndham Hotels & Resorts Inc., Parsippany NJ, 100, 100
Wynn Resorts Ltd., Las Vegas NV, 90, 90, 448
Xcel Energy Inc., Minneapolis MN, 100, 100, 274
Xerox Corp., Norwalk CT, 100, 100, 318
Xperi Holdings Corporation, San Jose CA, 85
XPO Logistics, Greenwich CT, 85, 85, 180
Xylem Inc., Rye Brook NY, 100, 100, 528
Yelp Inc., San Francisco CA, 100, 100
Yext Inc., New York NY, 100, 100
Young’s Market Co., Tustin CA, 75, 75
Yum China Holdings, Plano TX, 30, 30, 362
Yum! Brands Inc., Louisville KY, 100, 80, 494
Zendesk Inc, San Francisco CA, 100, 100
ZenPayroll Inc. dba Gusto, San Francisco CA, 90
Zillow Group, Seattle WA, 100, 100
Zoetis Inc., Parsippany NJ, 100, 487
ZS Associates Inc., Evanston IL, 100, 100
Zurich North America, Schaumburg IL, 90, 90, 70
